,range,$C_o$,drift equations
values,3249.615361854384,251428.5714285714,[3 3 3 3]
